image_path,font
prudentia_herba_decorus_8fa9e210.jpg,vesta
salus_concordia_nubes_a8be0a38.jpg,vesta
tempus_arbor_sapor_b6bf900d.jpg,vesta
altus_constantia_sapor_93266b7c.jpg,vesta
bellum_fortis_claritas_59599435.jpg,vesta
pax_imber_sensus_16ff12e3.jpg,vesta
sapientia_decorus_sensus_ba5f7944.jpg,vesta
caelum_mors_anima_9b08ed50.jpg,vesta
mors_sensus_triumphus_80d8aa97.jpg,vesta
amor_arbor_formosus_1575a7c8.jpg,vesta
figura_mors_gloria_9fbf1034.jpg,vesta
audacia_aer_mors_34b42b26.jpg,vesta
formosus_spiritus_dignitas_120c9d6f.jpg,vesta
nubes_luna_caelum_26ab18ea.jpg,vesta
natura_ratio_caligo_b2524d29.jpg,vesta
fortis_flamma_nubes_9dd9666a.jpg,vesta
luna_lux_spes_3ba4df8f.jpg,vesta
triumphus_flos_fortuna_5165d9de.jpg,vesta
tempestas_caelum_probitas_1cebacbd.jpg,vesta
pax_ordo_aqua_8f95340f.jpg,vesta
tempus_dignitas_furor_d49ed176.jpg,vesta
terra_voluntas_pax_8b8ddcda.jpg,vesta
sapientia_memoria_terra_5e4f719a.jpg,vesta
mors_imber_claritas_0a8b76de.jpg,vesta
libertas_constantia_sol_aeaabf9b.jpg,vesta
libertas_victoria_voluntas_163d2dd6.jpg,vesta
audacia_gloria_pulcher_b3f9013e.jpg,vesta
imago_sapientia_caligo_2798839c.jpg,vesta
statera_fides_cor_d53346f7.jpg,vesta
umbra_pax_caelum_6e39be7f.jpg,vesta
sol_figura_statera_1d9a023b.jpg,vesta
aqua_virtus_iustitia_d6c73b54.jpg,vesta
anima_ratio_fama_a47262f2.jpg,vesta
oratio_fortis_corpus_a71f1163.jpg,vesta
virtus_pluvia_iustitia_d97b5cde.jpg,vesta
bellum_scientia_labor_74c92ad3.jpg,vesta
decorus_herba_mens_8f23da85.jpg,vesta
statera_cantus_natura_023bd207.jpg,vesta
corpus_arbor_umbra_88272a93.jpg,vesta
memoria_dexteritas_figura_8af061ce.jpg,vesta
fortitudo_scientia_corpus_49a16824.jpg,vesta
bellum_gravis_fortitudo_b0c13566.jpg,vesta
celeritas_virtus_caligo_5896f9c3.jpg,vesta
claritas_honor_pax_b0419d37.jpg,vesta
voluntas_altus_pulcher_542c6d04.jpg,vesta
dignitas_benignus_color_1e0ff3a7.jpg,vesta
corpus_regnum_ignis_5881523a.jpg,vesta
tempus_benignus_color_b0cc40fc.jpg,vesta
fides_umbra_voluptas_385a807f.jpg,vesta
chorus_salus_prudentia_87e06dbf.jpg,vesta
cantus_fides_terra_b26535eb.jpg,vesta
clarus_caelum_decorus_4341ebfa.jpg,vesta
fortitudo_benignus_bellum_5a69fe2f.jpg,vesta
color_amicitia_clarus_baf6d6f2.jpg,vesta
cantus_concordia_clarus_73035b90.jpg,vesta
gloria_aer_imperium_7bb5c56c.jpg,vesta
prudentia_arbor_amicitia_2934ae99.jpg,vesta
ars_statera_tempus_361428c8.jpg,vesta
fortitudo_audacia_pulcher_5241c519.jpg,vesta
sonus_cantus_memoria_6ffeda43.jpg,vesta
flos_gloria_regnum_fb2a255b.jpg,vesta
scientia_sol_dignitas_fe228839.jpg,vesta
celeritas_figura_stella_d231e5e2.jpg,vesta
celeritas_fides_terra_394604a9.jpg,vesta
amicitia_regnum_voluntas_5309214c.jpg,vesta
ratio_luna_formosus_d1f7fa2d.jpg,vesta
amicitia_amor_ratio_b81c88fb.jpg,vesta
honestas_umbra_ars_06194027.jpg,vesta
mens_sensus_labor_fd03bcb9.jpg,vesta
tempus_pulcher_virtus_e052ae88.jpg,vesta
spiritus_figura_victoria_59d342b0.jpg,vesta
victoria_aura_audacia_4842c70a.jpg,vesta
pluvia_constantia_fides_13c7730b.jpg,vesta
flos_arbor_fides_ae944315.jpg,vesta
furor_arbor_gemma_c4e60908.jpg,vesta
ars_mens_ignobilis_c2b1d267.jpg,vesta
nubes_ignis_arbor_058e75db.jpg,vesta
flos_decorus_vita_e3f1f76a.jpg,vesta
dexteritas_veritas_honor_0ea92f2b.jpg,vesta
natura_celeritas_fama_4775b7c8.jpg,vesta
fortitudo_natura_color_18f275af.jpg,vesta
honestas_lex_natura_e338467e.jpg,vesta
gravis_pax_imago_2e457849.jpg,vesta
dignitas_vigor_ordo_9a56cbce.jpg,vesta
terra_salus_arbor_c55cd96a.jpg,vesta
sensus_spiritus_regnum_27bca227.jpg,vesta
ordo_imperium_fortis_e9f0b554.jpg,vesta
cantus_serenus_pulcher_59704259.jpg,vesta
fortis_clarus_memoria_d1c9b0db.jpg,vesta
sapor_nix_spiritus_3ddca2aa.jpg,vesta
fortis_sapor_audacia_1398191b.jpg,vesta
prudentia_ignis_dexteritas_1a3776fa.jpg,vesta
dignitas_audacia_lex_caef18ac.jpg,vesta
ratio_color_fama_c7041d09.jpg,vesta
caligo_veritas_spes_2846e315.jpg,vesta
nix_fulgor_mors_66d2e151.jpg,vesta
levis_labor_honor_d67db738.jpg,vesta
scientia_pulcher_flamma_bf13dbaf.jpg,vesta
tempestas_ratio_lex_2704155e.jpg,vesta
figura_spiritus_celeritas_b00552b0.jpg,vesta
prudentia_ventus_scientia_d6fdee29.jpg,vesta
levis_color_formosus_a2fffee2.jpg,vesta
vigor_vita_iustitia_1fbf46df.jpg,vesta
fides_sapientia_verbum_b5779eec.jpg,vesta
statera_formosus_figura_bdb4325e.jpg,vesta
voluptas_herba_labor_b929b979.jpg,vesta
sol_lux_chorus_822bfb0d.jpg,vesta
fortuna_imago_altus_ad8a7d9b.jpg,vesta
spes_ars_sapientia_54dcf026.jpg,vesta
verbum_vigor_herba_1c0b671e.jpg,vesta
salus_gravis_veritas_850752eb.jpg,vesta
sapientia_natura_imber_788232e1.jpg,vesta
amor_fortitudo_gloria_d631f35e.jpg,vesta
sonus_fortuna_ars_64fa3900.jpg,vesta
ventus_decorus_bellum_ec652d45.jpg,vesta
claritas_sol_nubes_c37139ba.jpg,vesta
mens_imber_clarus_52b9f0de.jpg,vesta
fortitudo_altus_decorus_6036718b.jpg,vesta
benignus_prudentia_sol_6c572cc7.jpg,vesta
lux_fulgor_furor_a72e1700.jpg,vesta
ordo_libertas_virtus_53bf1ac8.jpg,aureus
clarus_natura_victoria_ecb1bcb1.jpg,aureus
caligo_fortis_amor_593d15ce.jpg,aureus
corpus_statera_constantia_c3ea5e83.jpg,aureus
fortitudo_amicitia_fortis_bc1168f5.jpg,aureus
constantia_herba_nobilitas_062d2d6b.jpg,aureus
ventus_vita_concordia_71f72eee.jpg,aureus
ventus_imago_pulcher_70604e73.jpg,aureus
terra_bellum_honestas_87309134.jpg,aureus
flos_chorus_arbor_d2098162.jpg,aureus
altus_decorus_terra_29627420.jpg,aureus
aura_veritas_aqua_4bc8dfec.jpg,aureus
concordia_salus_mors_ff2ddf82.jpg,aureus
pluvia_celeritas_memoria_baa903fc.jpg,aureus
lex_levis_imago_a55e51f5.jpg,aureus
nobilitas_herba_ignobilis_243b8d2c.jpg,aureus
fulgor_figura_fortuna_62dc1422.jpg,aureus
voluptas_concordia_stella_98eaee31.jpg,aureus
clarus_sol_ordo_b3509a5b.jpg,aureus
triumphus_bellum_voluntas_6834069a.jpg,aureus
pax_honestas_voluptas_a9e42089.jpg,aureus
ignobilis_ventus_tempus_b0a47dad.jpg,aureus
victoria_amicitia_prudentia_772cf79c.jpg,aureus
aer_pulcher_serenus_f5cadcf5.jpg,aureus
honor_scientia_altus_f4b234fa.jpg,aureus
verbum_luna_arbor_be70353f.jpg,aureus
aer_salus_mors_a65ba262.jpg,aureus
fulgor_herba_imber_219b0176.jpg,aureus
dignitas_natura_verus_16fb7914.jpg,aureus
audacia_honestas_scientia_5d13bc10.jpg,aureus
nubes_verus_fortis_96a50682.jpg,aureus
sol_fulgor_fides_2ed786ae.jpg,aureus
victoria_caligo_altus_14ea7ce2.jpg,aureus
lex_bellum_sol_2ef3d7ba.jpg,aureus
constantia_oratio_iustitia_007ce9f2.jpg,aureus
nobilitas_triumphus_concordia_b5baea30.jpg,aureus
flamma_arbor_meritum_d9c70773.jpg,aureus
levis_sol_regnum_8f8c94d9.jpg,aureus
aer_victoria_formosus_5037e1c6.jpg,aureus
nix_levis_imperium_3658bf8c.jpg,aureus
verus_victoria_pulcher_702bf578.jpg,aureus
ars_natura_cantus_a20f54bf.jpg,aureus
oratio_dignitas_fides_309bb637.jpg,aureus
ignis_voluptas_altus_4b686212.jpg,aureus
caligo_labor_anima_ba510fe2.jpg,aureus
figura_cantus_veritas_418dcfe3.jpg,aureus
libertas_ordo_ignis_521c5aa4.jpg,aureus
clarus_imber_sapientia_fca5a321.jpg,aureus
color_pulcher_regnum_5161609d.jpg,aureus
virtus_formosus_constantia_4f66dc25.jpg,aureus
pluvia_regnum_altus_15bdad9f.jpg,aureus
verbum_fortuna_imber_76bba6ca.jpg,aureus
clarus_claritas_iustitia_1f3141d9.jpg,aureus
flos_statera_fides_b3c98ba4.jpg,aureus
ratio_gravis_celeritas_3351695a.jpg,aureus
fortis_clarus_verus_27cc81ae.jpg,aureus
oratio_virtus_clarus_301669a5.jpg,aureus
pulcher_virtus_tempus_4b3e44d4.jpg,aureus
fortitudo_caligo_corpus_2c2cd9aa.jpg,aureus
nobilitas_verbum_claritas_df0c3212.jpg,aureus
gravis_veritas_figura_cb204cf0.jpg,aureus
libertas_luna_sapientia_37829fb5.jpg,aureus
salus_prudentia_labor_edf133fb.jpg,aureus
nix_meritum_pulcher_bd4feda3.jpg,aureus
ignobilis_claritas_furor_e83ee0b5.jpg,aureus
bellum_prudentia_fortuna_b4fa94c0.jpg,aureus
flamma_gravis_mors_6e962d1c.jpg,aureus
tempestas_furor_virtus_ba434ffc.jpg,aureus
gemma_terra_labor_468b3dd4.jpg,aureus
salus_amicitia_vigor_b49ae6ce.jpg,aureus
arbor_labor_corpus_9e4e719f.jpg,aureus
libertas_ignis_nobilitas_5b0aac53.jpg,aureus
color_clarus_arbor_be39b0e0.jpg,aureus
nubes_fulgor_scientia_6dabb7ee.jpg,aureus
claritas_fortis_concordia_965533dd.jpg,aureus
spes_stella_audacia_80de2b51.jpg,aureus
triumphus_furor_caelum_bbae3002.jpg,aureus
sonus_fulgor_constantia_6eadf28b.jpg,aureus
oratio_fortis_decorus_bb96b16b.jpg,aureus
anima_caligo_fama_2941e0aa.jpg,aureus
fortuna_fortitudo_cor_47205ca5.jpg,aureus
cantus_aura_terra_a8f6cff3.jpg,aureus
honestas_memoria_amicitia_a869107e.jpg,aureus
imago_vigor_arbor_1bebd367.jpg,aureus
fulgor_tempus_gravis_e696b994.jpg,aureus
altus_sensus_furor_10387dbb.jpg,aureus
sapientia_imago_decorus_ab835e45.jpg,aureus
verus_voluptas_clarus_525f510b.jpg,aureus
veritas_nubes_ars_b3b340a6.jpg,aureus
figura_benignus_fortuna_ad3bfe13.jpg,aureus
formosus_mens_pluvia_a546ce44.jpg,aureus
terra_victoria_sol_93fc0480.jpg,aureus
spiritus_constantia_ignis_1cb97214.jpg,aureus
prudentia_ars_ventus_bca37cb6.jpg,aureus
pulcher_gemma_anima_ce42b59b.jpg,aureus
caelum_lex_fulgor_38001ede.jpg,aureus
formosus_scientia_constantia_063efed8.jpg,aureus
luna_nubes_verbum_a89d9055.jpg,aureus
gloria_veritas_voluptas_087521b3.jpg,aureus
triumphus_furor_lex_e7961c8e.jpg,aureus
corpus_fulgor_ignobilis_d2e57a6c.jpg,aureus
voluptas_fortitudo_vigor_9844d4a3.jpg,aureus
virtus_victoria_imago_7c8b04c6.jpg,aureus
flamma_honestas_clarus_950c4b8d.jpg,aureus
mors_aqua_ignis_9f56669d.jpg,aureus
fortitudo_audacia_amicitia_7f8e8e67.jpg,aureus
meritum_ars_fortuna_e8a73cd9.jpg,aureus
vita_gemma_formosus_91dbcafc.jpg,aureus
gloria_ratio_levis_a11578b6.jpg,aureus
lux_formosus_benignus_2e8ba925.jpg,aureus
color_dexteritas_audacia_6882534e.jpg,aureus
levis_vita_statera_73abf876.jpg,aureus
fortuna_mens_serenus_a50e62fc.jpg,aureus
ignis_gravis_chorus_9386c767.jpg,aureus
probitas_mens_benignus_b23e1c10.jpg,aureus
imber_sapientia_spiritus_cf1df69d.jpg,aureus
sonus_fortuna_fulgor_07169025.jpg,aureus
voluntas_triumphus_meritum_cf1b424e.jpg,aureus
ars_virtus_iustitia_2e0b0996.jpg,aureus
lex_anima_regnum_5284f408.jpg,aureus
ars_gravis_statera_a8db4815.jpg,aureus
dexteritas_figura_altus_5f0330b6.jpg,aureus
flamma_flos_victoria_697419e1.jpg,aureus
prudentia_cor_voluptas_0fc243cf.jpg,aureus
decorus_vita_natura_17888c9b.jpg,aureus
mens_natura_sonus_7d2553df.jpg,aureus
levis_dexteritas_anima_8493d6c2.jpg,aureus
furor_amor_figura_9d4484c2.jpg,aureus
dexteritas_mens_libertas_5f55f4c0.jpg,aureus
lux_color_tempus_a297f33b.jpg,aureus
formosus_caligo_gravis_9737ea6e.jpg,aureus
memoria_vigor_fulgor_6e2240ea.jpg,aureus
scientia_fortitudo_meritum_8ccd4cd5.jpg,aureus
constantia_gloria_concordia_24888a93.jpg,aureus
imber_probitas_levis_082548d5.jpg,aureus
aura_imber_claritas_1a687d41.jpg,aureus
tempus_libertas_ignis_4f6cbcec.jpg,aureus
mens_amor_verus_ea9175d6.jpg,aureus
veritas_lex_caligo_5a70c5ec.jpg,aureus
aqua_levis_corpus_09e99624.jpg,aureus
aer_luna_imber_eda8dda2.jpg,aureus
caligo_figura_libertas_c5ba8eeb.jpg,aureus
corpus_celeritas_decorus_f9cef8e4.jpg,roman
concordia_ignobilis_altus_18b60b45.jpg,roman
aer_tempus_verbum_250d7507.jpg,roman
lex_stella_regnum_2b4c40ad.jpg,roman
figura_color_gravis_a9e6a0d8.jpg,roman
memoria_imber_ordo_9faaaf13.jpg,roman
tempestas_veritas_gravis_6c02f8b8.jpg,roman
natura_flos_vigor_a116b4bf.jpg,roman
corpus_anima_dexteritas_2de70409.jpg,roman
color_sonus_imber_dbedbdca.jpg,roman
ars_figura_fides_42994fef.jpg,roman
altus_color_herba_4ee4a47f.jpg,roman
imber_figura_mors_ed8725c5.jpg,roman
celeritas_fides_meritum_cff24324.jpg,roman
ordo_veritas_flos_c5fe3154.jpg,roman
voluntas_flos_sensus_01653460.jpg,roman
ventus_voluptas_celeritas_034eed7e.jpg,roman
honor_ordo_ars_3db56a15.jpg,roman
nubes_ordo_ars_111e7a59.jpg,roman
dexteritas_sol_pax_67d5c194.jpg,roman
terra_voluptas_tempus_0cf250c9.jpg,roman
fortitudo_imber_pax_9afe0cf6.jpg,roman
nubes_dexteritas_altus_f6174d0b.jpg,roman
fortuna_color_ars_5759f3ee.jpg,roman
meritum_ratio_flos_3822845d.jpg,roman
concordia_corpus_amor_cb27c629.jpg,roman
sol_terra_fortitudo_7799dfd8.jpg,roman
aura_amor_color_772827e7.jpg,roman
sapientia_gemma_bellum_182525bf.jpg,roman
caligo_honor_fama_06c71cd3.jpg,roman
anima_salus_sol_4028c5a5.jpg,roman
color_cor_sonus_ec5f5982.jpg,roman
triumphus_amicitia_spiritus_3071abc6.jpg,roman
fortitudo_aer_corpus_f80f076a.jpg,roman
corpus_aer_tempus_af5bf99d.jpg,roman
arbor_gemma_anima_36bf05f1.jpg,roman
fortitudo_formosus_constantia_76e24dc1.jpg,roman
lex_probitas_chorus_d15a13c1.jpg,roman
dexteritas_levis_statera_defe2cbe.jpg,roman
anima_bellum_oratio_f5655878.jpg,roman
lux_flos_victoria_101fcf91.jpg,roman
libertas_honestas_figura_52c2da54.jpg,roman
spiritus_verbum_constantia_255413ba.jpg,roman
altus_ratio_fulgor_e0254d18.jpg,roman
gravis_gloria_pulcher_b2dbec2d.jpg,roman
amicitia_serenus_tempus_da00b171.jpg,roman
concordia_lux_tempestas_0bc656a5.jpg,roman
ignis_serenus_meritum_f04b55db.jpg,roman
lex_amicitia_flamma_f08e1d4d.jpg,roman
ignis_aura_meritum_7d31f5c5.jpg,roman
lex_dignitas_aura_2fa30d55.jpg,roman
gloria_vita_amicitia_8d25279f.jpg,roman
ventus_fulgor_verbum_c5261e2f.jpg,roman
imber_color_ars_0f3bb56c.jpg,roman
formosus_lux_luna_25a7ac35.jpg,roman
mors_voluntas_clarus_01fe6a07.jpg,roman
fides_flamma_prudentia_39ec9c31.jpg,roman
sol_cor_ignobilis_9f75ae40.jpg,roman
vita_tempestas_labor_439feae8.jpg,roman
ventus_sensus_fides_371edcf5.jpg,roman
bellum_nobilitas_anima_8dd91bf6.jpg,roman
dexteritas_prudentia_honestas_307661f9.jpg,roman
gloria_imago_salus_dbed2397.jpg,roman
nobilitas_sonus_pluvia_2abc161c.jpg,roman
aqua_fortitudo_clarus_b7aab375.jpg,roman
ignobilis_tempus_vita_4333e8ef.jpg,roman
ratio_tempus_labor_bec6f4be.jpg,roman
vigor_triumphus_dexteritas_42e6ee2f.jpg,roman
vigor_ignobilis_labor_30ec7a07.jpg,roman
stella_meritum_imber_79cbfd27.jpg,roman
anima_constantia_sapor_8a0e925d.jpg,roman
claritas_figura_luna_f7aafec5.jpg,roman
fortitudo_ignobilis_arbor_ad63ef2a.jpg,roman
ventus_umbra_cantus_a7cebd48.jpg,roman
lex_celeritas_ordo_5c97d6e5.jpg,roman
sonus_victoria_tempestas_da613015.jpg,roman
sapor_amicitia_constantia_8563b2df.jpg,roman
amicitia_probitas_honor_1da65539.jpg,roman
constantia_herba_cantus_e7bac683.jpg,roman
fides_virtus_amicitia_9175d363.jpg,roman
natura_gravis_pax_757950cf.jpg,roman
labor_meritum_umbra_6d42d74f.jpg,roman
herba_fides_natura_507b90e9.jpg,roman
clarus_sonus_ignis_c4fd1d8d.jpg,roman
natura_iustitia_lux_cbe37d42.jpg,roman
ratio_fides_nubes_ce43f558.jpg,roman
fortitudo_voluntas_aura_6813d62b.jpg,roman
lex_prudentia_pluvia_f0505a9f.jpg,roman
caelum_oratio_arbor_3eda6e92.jpg,roman
amicitia_fides_ars_00e9ff59.jpg,roman
fides_nubes_triumphus_75d3c5f4.jpg,roman
audacia_verbum_clarus_af152c3a.jpg,roman
prudentia_ventus_chorus_66dabe8e.jpg,roman
gloria_luna_nix_c27d05a4.jpg,roman
nix_mors_dignitas_bdf5fa58.jpg,roman
celeritas_gemma_serenus_78ef6d50.jpg,roman
tempestas_ventus_sensus_80d96764.jpg,roman
gemma_probitas_dignitas_a90078c3.jpg,roman
meritum_gemma_arbor_d56351da.jpg,roman
celeritas_sapor_mens_ece7c4d7.jpg,roman
vita_oratio_victoria_97a5a76c.jpg,roman
memoria_ignis_pulcher_860c8e4f.jpg,roman
gemma_flamma_probitas_e8b7a540.jpg,roman
terra_regnum_sonus_673af8ff.jpg,roman
pulcher_figura_triumphus_b177a0e4.jpg,roman
audacia_bellum_claritas_bc33ca1f.jpg,roman
audacia_claritas_mors_734d7d4f.jpg,roman
memoria_oratio_umbra_2dcb07a2.jpg,roman
meritum_amor_ordo_7fbd9f1e.jpg,roman
color_lux_gemma_1c5dbdac.jpg,roman
sol_umbra_natura_e2e75055.jpg,roman
gemma_altus_salus_b38201db.jpg,roman
flamma_arbor_sapor_f3d8b912.jpg,roman
veritas_scientia_sapor_0eab1e93.jpg,roman
furor_regnum_dignitas_6f2eccec.jpg,roman
voluntas_corpus_nix_89c7d485.jpg,roman
natura_amicitia_honor_d8e73d58.jpg,roman
furor_celeritas_scientia_5f2fdb1a.jpg,roman
meritum_tempus_flamma_7f9d1dea.jpg,roman
spiritus_ignobilis_caligo_78fa3790.jpg,roman
verus_probitas_mors_879db88f.jpg,roman
mors_sonus_statera_9d81430c.jpg,roman
clarus_gloria_chorus_09e98a8a.jpg,roman
lex_tempus_regnum_f6f2cc0b.jpg,roman
ignobilis_nix_serenus_57e9e190.jpg,roman
claritas_vigor_triumphus_d1758df4.jpg,roman
verus_triumphus_pulcher_b61cf9ce.jpg,roman
fulgor_nobilitas_altus_0a2751eb.jpg,roman
regnum_labor_amor_0f966587.jpg,roman
pax_regnum_chorus_a8fec779.jpg,roman
altus_flamma_corpus_1310c27c.jpg,cicero
ventus_tempestas_caelum_ef41d618.jpg,cicero
spes_spiritus_triumphus_947453bf.jpg,cicero
fortuna_fama_ars_c9ed9635.jpg,cicero
gemma_caelum_flamma_8595d81b.jpg,cicero
fortuna_aqua_scientia_6ef3aaeb.jpg,cicero
ventus_virtus_fortis_0c9a3e7c.jpg,cicero
altus_ordo_arbor_3eea596e.jpg,cicero
clarus_aura_victoria_69a41ca9.jpg,cicero
tempestas_scientia_furor_02e5ebc3.jpg,cicero
ars_spiritus_nix_d5350682.jpg,cicero
iustitia_spiritus_meritum_2d5613dd.jpg,cicero
decorus_corpus_constantia_394becad.jpg,cicero
aer_sapientia_caligo_8ff8067b.jpg,cicero
furor_ventus_labor_64ef6484.jpg,cicero
flamma_spes_formosus_258541ef.jpg,cicero
lux_imber_salus_9fd33a03.jpg,cicero
audacia_sapientia_fortis_0f7b6623.jpg,cicero
regnum_fama_corpus_1d379e59.jpg,cicero
herba_umbra_pluvia_fd61c084.jpg,cicero
sonus_nobilitas_gloria_71149b6e.jpg,cicero
vigor_verus_fides_8ee1f2b1.jpg,cicero
voluptas_spiritus_ratio_e15d16e4.jpg,cicero
concordia_benignus_meritum_953ed7b7.jpg,cicero
audacia_ordo_honor_2e1912f0.jpg,cicero
ignobilis_sapor_celeritas_488e6a96.jpg,cicero
umbra_sol_salus_eeb9a545.jpg,cicero
cantus_nix_fulgor_2efeddd8.jpg,cicero
statera_lex_mors_77cc3374.jpg,cicero
tempestas_constantia_formosus_a8e379fd.jpg,cicero
memoria_pax_audacia_9ffe4703.jpg,cicero
nubes_imago_ignis_4a9fba18.jpg,cicero
audacia_oratio_tempestas_e48fd69a.jpg,cicero
aqua_memoria_concordia_3ac81393.jpg,cicero
scientia_terra_aura_530b9381.jpg,cicero
scientia_fortitudo_caelum_f911ec7c.jpg,cicero
gemma_clarus_formosus_f28c2efe.jpg,cicero
lux_furor_bellum_8903b797.jpg,cicero
amicitia_spiritus_dexteritas_e6240629.jpg,cicero
arbor_benignus_tempus_a393df22.jpg,cicero
vita_labor_decorus_7a65cf79.jpg,cicero
imber_fortuna_fides_f8f8f335.jpg,cicero
fortitudo_verbum_levis_4e902fbf.jpg,cicero
tempus_salus_terra_a11c6507.jpg,cicero
honor_ignis_mors_245eb4c5.jpg,cicero
nix_libertas_triumphus_1deb187f.jpg,cicero
corpus_anima_spiritus_8ec2591f.jpg,cicero
natura_bellum_vita_6294c2ab.jpg,cicero
sonus_oratio_honor_09f4d0f6.jpg,cicero
memoria_sonus_altus_24a507ab.jpg,cicero
formosus_figura_iustitia_8acda6fd.jpg,cicero
aura_fortitudo_tempus_c9295a12.jpg,cicero
ventus_aer_sonus_834f2462.jpg,cicero
imperium_chorus_sensus_369b1ce5.jpg,cicero
iustitia_mors_amicitia_921d5f24.jpg,cicero
formosus_pax_aer_4fa05b5e.jpg,cicero
scientia_dignitas_triumphus_593fe144.jpg,cicero
fides_veritas_victoria_f6a1ff57.jpg,cicero
voluptas_ignobilis_nix_b8ddbcb2.jpg,cicero
sensus_salus_triumphus_069a49ce.jpg,cicero
statera_chorus_triumphus_2bf36b3f.jpg,cicero
victoria_vita_serenus_9c4c16f0.jpg,cicero
probitas_dignitas_anima_5b4dfccb.jpg,cicero
victoria_probitas_clarus_e5f59982.jpg,cicero
imperium_pluvia_libertas_6d57c734.jpg,cicero
terra_natura_serenus_d5fbd0b9.jpg,cicero
aqua_oratio_constantia_d0a167f1.jpg,cicero
dexteritas_sensus_formosus_e545efd7.jpg,cicero
bellum_claritas_pax_4ede9c70.jpg,cicero
dignitas_veritas_claritas_1d9f40fc.jpg,cicero
fides_benignus_altus_8690861c.jpg,cicero
natura_fides_cor_483e516c.jpg,cicero
constantia_aqua_ignobilis_6eb3b978.jpg,cicero
constantia_probitas_anima_9de9610a.jpg,cicero
lux_flos_ignobilis_2ed591fb.jpg,cicero
scientia_fama_celeritas_7dae04e6.jpg,cicero
imber_voluntas_altus_ed2b16b5.jpg,cicero
honestas_cantus_ratio_4b34afd7.jpg,cicero
aura_meritum_lex_867f6b03.jpg,cicero
honestas_imperium_natura_5534d4ee.jpg,cicero
aura_nubes_prudentia_21f44a24.jpg,cicero
sonus_probitas_color_c352fa89.jpg,cicero
libertas_clarus_virtus_7b116b54.jpg,cicero
sapor_ignobilis_lex_28a46494.jpg,cicero
corpus_regnum_serenus_31d10a01.jpg,cicero
herba_voluptas_terra_62b09496.jpg,cicero
altus_mors_spes_e9da6bb9.jpg,cicero
mens_aura_ratio_cc20e3be.jpg,cicero
ordo_concordia_pluvia_75eeb52f.jpg,cicero
flos_pulcher_memoria_aaeb107a.jpg,cicero
tempus_honor_ignis_8251a710.jpg,cicero
tempestas_mors_herba_1051f07b.jpg,cicero
sensus_luna_fortitudo_10363bd3.jpg,cicero
amor_natura_terra_8c120b19.jpg,cicero
anima_veritas_probitas_636c4c6b.jpg,cicero
memoria_gloria_figura_ab826888.jpg,cicero
serenus_color_constantia_e1c7027c.jpg,cicero
fortuna_decorus_spes_6a6f6e63.jpg,cicero
prudentia_pulcher_victoria_72dce9c5.jpg,cicero
verus_statera_furor_d2704fac.jpg,cicero
spiritus_caelum_fides_509d0126.jpg,cicero
natura_color_audacia_5b8b3395.jpg,cicero
natura_sol_imber_dcb6aa26.jpg,cicero
sol_natura_honor_72ec0ec6.jpg,cicero
meritum_ignis_dignitas_f84532e3.jpg,cicero
audacia_memoria_amor_ad6cad28.jpg,cicero
sapor_ignobilis_memoria_fbd059f1.jpg,cicero
figura_honestas_amor_78e703b5.jpg,cicero
caligo_voluptas_gloria_f4c53686.jpg,cicero
ignis_arbor_tempestas_9fae5d60.jpg,cicero
cor_pax_fortuna_5c4f9833.jpg,cicero
probitas_regnum_nobilitas_8daecdd9.jpg,cicero
flamma_imperium_caligo_a629ced9.jpg,cicero
prudentia_fortitudo_altus_b8d44154.jpg,cicero
voluptas_fortuna_audacia_d3b470ff.jpg,cicero
corpus_triumphus_decorus_4b83aa22.jpg,cicero
levis_triumphus_herba_b34081d8.jpg,cicero
fulgor_audacia_voluptas_3e79e76c.jpg,cicero
regnum_sol_fortitudo_8b05113e.jpg,cicero
chorus_pluvia_ordo_130001f6.jpg,cicero
memoria_fortis_scientia_7c229e50.jpg,cicero
ars_serenus_color_553ef168.jpg,cicero
ignis_lex_fortis_e6e7943d.jpg,cicero
honestas_audacia_prudentia_ffb2bdcc.jpg,cicero
nobilitas_spiritus_ratio_a126d495.jpg,cicero
tempestas_formosus_prudentia_6ebdc513.jpg,cicero
voluptas_flamma_pulcher_2ccee0d2.jpg,cicero
scientia_dignitas_audacia_4e9d855d.jpg,cicero
natura_sensus_pulcher_51a3222d.jpg,cicero
honor_dignitas_fortuna_cd1c5691.jpg,cicero
imago_aqua_tempus_6d67f4f6.jpg,cicero
nix_natura_caligo_acc5cb91.jpg,cicero
dexteritas_imber_flamma_bbf13804.jpg,cicero
caligo_nubes_gloria_d84595ab.jpg,cicero
pulcher_gemma_labor_7fd0dcf6.jpg,cicero
ars_decorus_sonus_b8248b08.jpg,cicero
levis_fortuna_corpus_f74327c9.jpg,colosseum
sol_meritum_ignis_106cfe31.jpg,colosseum
statera_sapientia_cantus_3e03739b.jpg,colosseum
fortis_natura_sol_14a1042c.jpg,colosseum
audacia_lex_spiritus_069ff7c3.jpg,colosseum
levis_chorus_concordia_a7272dc8.jpg,colosseum
vita_vigor_serenus_72b5b884.jpg,colosseum
herba_imber_flos_b39b41e1.jpg,colosseum
levis_vigor_bellum_cc9d284a.jpg,colosseum
natura_amor_gemma_d7c9970f.jpg,colosseum
arbor_statera_triumphus_513552a1.jpg,colosseum
regnum_nix_fama_25be01eb.jpg,colosseum
voluntas_gloria_flamma_27d7c48f.jpg,colosseum
virtus_veritas_probitas_f6d41bf1.jpg,colosseum
meritum_amicitia_clarus_5d5b3b0c.jpg,colosseum
claritas_honor_terra_93f4d677.jpg,colosseum
flamma_herba_gemma_06847a8b.jpg,colosseum
decorus_serenus_constantia_b020ac0e.jpg,colosseum
tempestas_spiritus_lex_59de4656.jpg,colosseum
pulcher_ars_fortis_ee2993f2.jpg,colosseum
natura_gravis_pax_27f1a07f.jpg,colosseum
statera_lux_altus_b698743a.jpg,colosseum
honor_fortitudo_concordia_484a3749.jpg,colosseum
cor_aer_fortitudo_29e4b60a.jpg,colosseum
prudentia_sol_figura_61396450.jpg,colosseum
aura_altus_statera_7ba1dff8.jpg,colosseum
vita_chorus_fulgor_b7d99029.jpg,colosseum
sapor_libertas_pluvia_9384d425.jpg,colosseum
mors_imago_labor_1c162ab0.jpg,colosseum
chorus_vita_audacia_d1910e02.jpg,colosseum
serenus_figura_labor_1f63a078.jpg,colosseum
honestas_lex_triumphus_f630926e.jpg,colosseum
probitas_fulgor_gravis_e7b61e9c.jpg,colosseum
luna_labor_ignis_999cb10a.jpg,colosseum
memoria_nubes_voluptas_3d335684.jpg,colosseum
aura_amor_celeritas_cfa0c1dc.jpg,colosseum
cor_figura_fortis_1dbf7486.jpg,colosseum
voluntas_fama_gravis_d48c3ef3.jpg,colosseum
vigor_fortitudo_sol_e431450e.jpg,colosseum
amor_honestas_arbor_14a1a066.jpg,colosseum
verbum_caligo_libertas_d971a6fb.jpg,colosseum
virtus_verus_chorus_844b85f2.jpg,colosseum
pax_corpus_triumphus_104d0204.jpg,colosseum
fortitudo_caligo_flos_057dc8de.jpg,colosseum
pax_flos_figura_1d5e5721.jpg,colosseum
decorus_verus_labor_55352944.jpg,colosseum
ordo_furor_clarus_c0972954.jpg,colosseum
luna_labor_pax_db9d5c5c.jpg,colosseum
corpus_sapor_aqua_694e9e74.jpg,colosseum
ignis_ratio_flamma_89be9e3c.jpg,colosseum
spiritus_nix_verus_71b56c6e.jpg,colosseum
natura_voluptas_regnum_bd5b74ce.jpg,colosseum
nubes_cor_celeritas_85fcd7f9.jpg,colosseum
veritas_formosus_ignis_3a6f028d.jpg,colosseum
nubes_natura_flamma_86d7616f.jpg,colosseum
veritas_regnum_honor_5cc76b48.jpg,colosseum
dignitas_umbra_furor_32dc3121.jpg,colosseum
scientia_pluvia_honor_4944202b.jpg,colosseum
aer_fides_color_9be7cd18.jpg,colosseum
mens_virtus_levis_309c1e66.jpg,colosseum
verus_flos_levis_6f6da0b3.jpg,colosseum
herba_salus_clarus_c0d13771.jpg,colosseum
veritas_statera_bellum_914e16dd.jpg,colosseum
fides_concordia_sonus_5d39e680.jpg,colosseum
dignitas_gravis_natura_aef306d6.jpg,colosseum
statera_vita_stella_da430248.jpg,colosseum
lux_vita_umbra_647e6603.jpg,colosseum
natura_nobilitas_sapientia_01eb79f4.jpg,colosseum
nobilitas_veritas_dignitas_31992ba3.jpg,colosseum
dignitas_fortis_labor_fb2de63a.jpg,colosseum
stella_ratio_memoria_efe1b01d.jpg,colosseum
arbor_mens_ignis_0c3ffe6d.jpg,colosseum
gemma_sapientia_virtus_660fa9e5.jpg,colosseum
probitas_decorus_labor_4dbedb1b.jpg,colosseum
pluvia_altus_nix_a7365c1c.jpg,colosseum
gravis_triumphus_gemma_b8e8bb70.jpg,colosseum
mors_ratio_imber_36563e65.jpg,colosseum
decorus_concordia_meritum_53fa62e4.jpg,colosseum
ignobilis_pluvia_sensus_0e8ee628.jpg,colosseum
sensus_caligo_terra_edaf5995.jpg,colosseum
dignitas_fulgor_altus_581e3ecd.jpg,colosseum
cor_nix_pluvia_34271ee4.jpg,colosseum
probitas_vita_mens_b469022c.jpg,colosseum
flos_luna_honestas_8105e6f6.jpg,colosseum
salus_altus_flos_6ee64036.jpg,colosseum
ventus_clarus_tempus_9527bbe2.jpg,colosseum
arbor_pulcher_pax_4ac041d4.jpg,colosseum
sapor_voluntas_celeritas_c8bfcb64.jpg,colosseum
luna_furor_labor_acdd8429.jpg,colosseum
cantus_caligo_vita_d0ab9208.jpg,colosseum
arbor_tempus_iustitia_aa9ba31b.jpg,colosseum
ventus_lux_caelum_71ba9e45.jpg,colosseum
audacia_fulgor_meritum_252972c3.jpg,colosseum
umbra_labor_formosus_f1f02160.jpg,colosseum
amor_altus_aura_84bab79c.jpg,colosseum
honor_mors_statera_abd8c4d2.jpg,colosseum
chorus_memoria_tempus_6d0da7b0.jpg,colosseum
mors_honor_lux_f5b237ee.jpg,colosseum
decorus_figura_aura_51e2378e.jpg,colosseum
decorus_fama_probitas_21fbd56a.jpg,colosseum
verbum_herba_victoria_b9488771.jpg,colosseum
regnum_caligo_prudentia_9e2899e2.jpg,colosseum
aer_ventus_arbor_6ca31690.jpg,colosseum
fortuna_sapientia_tempus_25dda417.jpg,colosseum
sapientia_clarus_levis_52e02680.jpg,colosseum
constantia_probitas_oratio_5e9c07ab.jpg,colosseum
voluntas_umbra_voluptas_63b19c98.jpg,colosseum
chorus_nix_spiritus_d41a1129.jpg,colosseum
benignus_umbra_tempestas_7d2fb8bb.jpg,colosseum
gravis_memoria_formosus_c6a81e7c.jpg,colosseum
lux_memoria_fortitudo_7239e82d.jpg,colosseum
audacia_statera_honor_44a978bf.jpg,colosseum
fortuna_sapientia_probitas_2ad4c176.jpg,colosseum
fama_verbum_dexteritas_1cbcceb2.jpg,colosseum
aer_regnum_veritas_6a7cb4fa.jpg,colosseum
levis_pax_gloria_9ab383da.jpg,colosseum
aer_fortis_cantus_734c6d35.jpg,augustus
herba_flos_audacia_6dd779cb.jpg,augustus
caligo_sonus_sapientia_f7628ffa.jpg,augustus
honor_natura_oratio_f3f5dfd8.jpg,augustus
salus_umbra_scientia_d0023bdd.jpg,augustus
fides_amor_clarus_4a6faa89.jpg,augustus
lex_claritas_constantia_722f10b6.jpg,augustus
pluvia_honor_victoria_8a8cf6cb.jpg,augustus
lex_amicitia_dignitas_a98b2f5e.jpg,augustus
nubes_sapientia_amicitia_de8f47d7.jpg,augustus
aura_nobilitas_gravis_b3bdb13a.jpg,augustus
altus_luna_levis_eb1a4563.jpg,augustus
tempus_herba_natura_6bef6c19.jpg,augustus
fulgor_terra_umbra_fab66a2f.jpg,augustus
imber_probitas_victoria_5b78a07d.jpg,augustus
spes_amicitia_formosus_74f37456.jpg,augustus
serenus_imber_ignobilis_191a11b1.jpg,augustus
prudentia_aer_veritas_21d6ee8e.jpg,augustus
flamma_terra_arbor_3a00a3dd.jpg,augustus
fama_lux_chorus_d51184de.jpg,augustus
lux_aura_lex_ff94f471.jpg,augustus
clarus_memoria_dignitas_9d0246e2.jpg,augustus
honestas_cor_flamma_7d05c688.jpg,augustus
nobilitas_levis_sensus_6a082288.jpg,augustus
decorus_constantia_herba_f9c1a82a.jpg,augustus
serenus_pluvia_figura_b46ba903.jpg,augustus
levis_ratio_concordia_8be6d80b.jpg,augustus
dignitas_decorus_celeritas_973a9070.jpg,augustus
constantia_oratio_amor_0e57ba7f.jpg,augustus
aer_spiritus_tempestas_cc80dc1c.jpg,augustus
sol_regnum_figura_83e1d524.jpg,augustus
spiritus_natura_prudentia_f532be17.jpg,augustus
sensus_triumphus_benignus_5c28dedb.jpg,augustus
lex_salus_veritas_2f85f9fa.jpg,augustus
bellum_tempus_prudentia_501b8925.jpg,augustus
stella_probitas_corpus_a3d4be2b.jpg,augustus
imago_imperium_gloria_12bb889d.jpg,augustus
levis_spiritus_aura_269cb295.jpg,augustus
nix_herba_bellum_e17cb33b.jpg,augustus
aura_mors_sol_a3cd7ad9.jpg,augustus
imber_aqua_aer_937130b4.jpg,augustus
mors_levis_ignis_2eaa3c72.jpg,augustus
tempestas_lux_fortis_ba31d55c.jpg,augustus
amor_ignobilis_figura_94f643d9.jpg,augustus
decorus_ratio_honestas_dcb75813.jpg,augustus
gemma_ignis_imago_0f8863f0.jpg,augustus
veritas_fulgor_salus_5e52ec1c.jpg,augustus
corpus_scientia_arbor_bcd4361e.jpg,augustus
aura_concordia_ignobilis_7e8b1b88.jpg,augustus
dignitas_aer_umbra_f23320e4.jpg,augustus
statera_imago_furor_93b4247c.jpg,augustus
nix_stella_caligo_094c7b4e.jpg,augustus
virtus_formosus_gravis_10b46cf0.jpg,augustus
constantia_furor_amor_9806cd62.jpg,augustus
victoria_ventus_salus_4b88d518.jpg,augustus
fama_aer_anima_153c0307.jpg,augustus
victoria_prudentia_levis_16372d0d.jpg,augustus
sapientia_constantia_lex_c1c400f5.jpg,augustus
voluptas_corpus_altus_7581bd8f.jpg,augustus
dignitas_tempestas_caelum_274ad763.jpg,augustus
salus_gemma_concordia_082df480.jpg,augustus
libertas_statera_fulgor_05f82a8e.jpg,augustus
caligo_virtus_amor_12afe950.jpg,augustus
pax_figura_ignis_c278406c.jpg,augustus
pluvia_corpus_ordo_1d192cd3.jpg,augustus
corpus_fama_honor_64b860ea.jpg,augustus
labor_luna_concordia_1eb2a47d.jpg,augustus
verbum_probitas_mors_e4cd287c.jpg,augustus
claritas_verus_imperium_d53e146c.jpg,augustus
constantia_dexteritas_pluvia_e6ede159.jpg,augustus
prudentia_caligo_mors_4c4b5a0a.jpg,augustus
veritas_claritas_voluntas_f0d32925.jpg,augustus
pluvia_oratio_labor_0797e590.jpg,augustus
amor_furor_oratio_4e638701.jpg,augustus
sensus_fama_tempus_5b0ffb51.jpg,augustus
decorus_sapientia_memoria_9aab7477.jpg,augustus
tempestas_nix_fortis_a37250c3.jpg,augustus
umbra_prudentia_triumphus_7c81239e.jpg,augustus
honor_color_spiritus_38eb3de4.jpg,augustus
mors_pulcher_nubes_18a531f4.jpg,augustus
anima_flamma_sol_72620c15.jpg,augustus
dignitas_flos_ordo_bf652726.jpg,augustus
imago_ratio_figura_bbe402f5.jpg,augustus
dexteritas_ars_meritum_885b0879.jpg,augustus
anima_triumphus_mors_148160d5.jpg,augustus
cor_chorus_amicitia_a2fb9ccc.jpg,augustus
salus_flos_ordo_29d82918.jpg,augustus
sol_sonus_anima_9cf6696b.jpg,augustus
regnum_flamma_voluptas_bc1efd90.jpg,augustus
oratio_audacia_anima_ff19c150.jpg,augustus
imber_dexteritas_terra_541ae8a7.jpg,augustus
triumphus_ratio_benignus_7dc6f282.jpg,augustus
serenus_fulgor_decorus_bc7a9b7f.jpg,augustus
imber_concordia_pax_daef8384.jpg,augustus
nubes_mors_fama_384cf4f6.jpg,augustus
fortis_honor_arbor_0571cc98.jpg,augustus
statera_ars_iustitia_4ec63bae.jpg,augustus
cor_caligo_statera_a54a0a15.jpg,augustus
honestas_triumphus_nobilitas_5351021e.jpg,augustus
voluntas_stella_pluvia_9a7db1f7.jpg,augustus
caelum_audacia_virtus_3848cd3d.jpg,augustus
pulcher_ratio_umbra_e0b331eb.jpg,augustus
ignis_virtus_imber_4cc03b74.jpg,augustus
vita_ventus_ratio_cfbba435.jpg,augustus
ratio_formosus_imago_96564f89.jpg,augustus
herba_spes_triumphus_50dfc9ef.jpg,augustus
lex_labor_imperium_7c0e7ada.jpg,augustus
mens_ordo_formosus_d670bd8b.jpg,augustus
formosus_ordo_fama_3d2f1487.jpg,consul
lex_ignobilis_iustitia_d574916b.jpg,consul
furor_amicitia_virtus_2c120d2d.jpg,consul
clarus_serenus_salus_5e947971.jpg,consul
fortitudo_mens_bellum_5be14d91.jpg,consul
pax_flos_imago_8d02db99.jpg,consul
lux_claritas_iustitia_1552b0c7.jpg,consul
benignus_decorus_voluptas_642c370e.jpg,consul
ignobilis_aqua_claritas_d3a7fdac.jpg,consul
salus_aqua_decorus_90212c46.jpg,consul
caelum_furor_caligo_6d5b870e.jpg,consul
chorus_nubes_pluvia_1a08598d.jpg,consul
amicitia_imber_tempus_9c006593.jpg,consul
umbra_pax_statera_f8ed39cd.jpg,consul
nix_pulcher_imago_5b76a083.jpg,consul
triumphus_pluvia_voluntas_2eeaa4c4.jpg,consul
sonus_sapor_nobilitas_ae754385.jpg,consul
sapor_celeritas_stella_ca57e152.jpg,consul
voluptas_nix_cor_954d38da.jpg,consul
honor_caelum_ordo_f4bfc092.jpg,consul
audacia_libertas_voluptas_6ec517c6.jpg,consul
honestas_nubes_statera_3ceeffd3.jpg,consul
prudentia_amicitia_ignobilis_07e166dd.jpg,consul
herba_scientia_arbor_d615bb6a.jpg,consul
imber_fortuna_honor_63b40af8.jpg,consul
fortuna_memoria_amor_a61c888d.jpg,consul
memoria_amor_veritas_dd8ebc3b.jpg,consul
caligo_arbor_sapientia_6183dc14.jpg,consul
gloria_vita_color_fb7cc7c3.jpg,consul
fortis_ratio_sapor_047b37f7.jpg,consul
furor_spiritus_fides_7df47210.jpg,consul
voluntas_flos_probitas_3910ef24.jpg,consul
cantus_ordo_verbum_9c060b87.jpg,consul
tempus_formosus_imperium_6c2f9d9d.jpg,consul
spiritus_probitas_fama_e1c253a9.jpg,consul
mors_ventus_fortitudo_5afa10f2.jpg,consul
serenus_claritas_honestas_dd8a8aa2.jpg,consul
dexteritas_serenus_aura_129d1202.jpg,consul
altus_virtus_sapor_f5854cd1.jpg,consul
voluptas_gemma_ordo_969b72e0.jpg,consul
claritas_flos_memoria_9cfe65b7.jpg,consul
pluvia_statera_formosus_5578eef6.jpg,consul
salus_clarus_ars_88837b4e.jpg,consul
honestas_triumphus_nubes_71967932.jpg,consul
nix_ars_umbra_9881c752.jpg,consul
amicitia_dignitas_chorus_0f45846d.jpg,consul
fortitudo_fides_ventus_fe282ae6.jpg,consul
lux_cor_arbor_6b777419.jpg,consul
voluptas_sapor_vita_6c00ba95.jpg,consul
cantus_veritas_stella_074d49c1.jpg,consul
cantus_scientia_serenus_cda62827.jpg,consul
fortuna_sonus_pulcher_4cef899a.jpg,consul
ignobilis_ordo_fortitudo_fe207b62.jpg,consul
ars_chorus_bellum_443530e1.jpg,consul
mors_salus_gravis_b00d032b.jpg,consul
flamma_pluvia_voluptas_f232fe2f.jpg,consul
prudentia_sapientia_color_21c0332f.jpg,consul
aqua_gemma_ignis_055a6e80.jpg,consul
aqua_caelum_arbor_ed453e19.jpg,consul
caligo_figura_fama_56ba8633.jpg,consul
imago_corpus_ignis_14402ce2.jpg,consul
gloria_mens_luna_89f78624.jpg,consul
lex_spes_dignitas_a2d1c789.jpg,consul
formosus_pluvia_luna_e3368904.jpg,consul
victoria_imago_ignobilis_103fd9fe.jpg,consul
umbra_caligo_serenus_ca6f3fed.jpg,consul
honestas_tempus_oratio_5bebb8ac.jpg,consul
gemma_color_ars_a1b8814b.jpg,consul
scientia_levis_nubes_a56b6dff.jpg,consul
scientia_arbor_luna_a5b808d0.jpg,consul
clarus_meritum_fama_a8a9a4bb.jpg,consul
caelum_constantia_pax_023b7219.jpg,consul
voluptas_ratio_celeritas_86a8f72c.jpg,consul
probitas_fortitudo_luna_eb03eaef.jpg,consul
concordia_sonus_luna_25ec913f.jpg,consul
mens_sapor_libertas_bee53064.jpg,consul
anima_cantus_imber_44c5acdc.jpg,consul
sapientia_claritas_flos_9fc2cd0d.jpg,consul
spiritus_caligo_salus_2ed752a6.jpg,consul
triumphus_regnum_oratio_f50a9d34.jpg,consul
levis_caelum_sapientia_e17c0d9d.jpg,consul
victoria_sol_labor_73035398.jpg,consul
statera_chorus_prudentia_ee0209f4.jpg,consul
altus_pluvia_clarus_6cb4e7c3.jpg,consul
virtus_fides_labor_387ed30a.jpg,consul
imperium_tempus_gloria_8669d6e2.jpg,consul
lux_voluntas_vigor_ff5c3f34.jpg,consul
figura_iustitia_luna_199989af.jpg,consul
aura_bellum_sonus_f0256dda.jpg,consul
cantus_verbum_gravis_ab7d226c.jpg,consul
memoria_celeritas_furor_3c9085a1.jpg,consul
aer_audacia_virtus_8799eb51.jpg,consul
umbra_fortuna_natura_84d70d66.jpg,consul
dexteritas_color_luna_01c314d9.jpg,consul
natura_verbum_caelum_f1bdf82a.jpg,consul
celeritas_iustitia_lex_b7b690cd.jpg,consul
tempus_imago_furor_644c7ac1.jpg,consul
herba_levis_audacia_20f3e735.jpg,consul
gemma_ratio_veritas_efd4d282.jpg,consul
imperium_labor_honestas_d22cc21b.jpg,consul
formosus_gloria_prudentia_644165ab.jpg,consul
nix_libertas_clarus_22c14553.jpg,consul
cantus_aqua_gloria_8f7b89b1.jpg,consul
salus_sol_stella_9c718010.jpg,consul
constantia_audacia_claritas_1b6d7331.jpg,consul
sonus_aqua_ars_aa614217.jpg,consul
verus_ignis_serenus_b80f7bc9.jpg,consul
gloria_salus_iustitia_80135dbe.jpg,consul
flamma_meritum_fortuna_eb92b8a3.jpg,laurel
triumphus_ordo_fortuna_fcce06d3.jpg,laurel
terra_statera_pax_164ee183.jpg,laurel
honestas_scientia_clarus_fe6b4655.jpg,laurel
vigor_natura_decorus_917a107a.jpg,laurel
fama_ars_nix_cfcbe7f4.jpg,laurel
pulcher_vita_sensus_e3e4154f.jpg,laurel
amor_labor_fama_d4939a4b.jpg,laurel
spiritus_fortuna_amicitia_a1850c00.jpg,laurel
bellum_verbum_decorus_9cc6bf49.jpg,laurel
cor_lex_tempestas_defa9bc4.jpg,laurel
herba_ignobilis_claritas_0ccade02.jpg,laurel
aqua_benignus_celeritas_d21d2ef5.jpg,laurel
pluvia_probitas_dignitas_c5e01c26.jpg,laurel
ordo_bellum_fama_46c63a35.jpg,laurel
pluvia_tempestas_spes_482ef267.jpg,laurel
aqua_terra_virtus_4b0c91f6.jpg,laurel
luna_nix_vita_566638fb.jpg,laurel
dignitas_vita_clarus_93cce8e5.jpg,laurel
tempus_ventus_dexteritas_611cc3e6.jpg,laurel
meritum_fortuna_corpus_b981d5f8.jpg,laurel
iustitia_levis_salus_b6c19ebf.jpg,laurel
regnum_claritas_dexteritas_16aec5b4.jpg,laurel
flos_verus_spes_c8633b69.jpg,laurel
honor_fulgor_memoria_e9ac44cf.jpg,laurel
bellum_fortis_regnum_373ef8f6.jpg,laurel
sensus_honor_luna_2d20c9e9.jpg,laurel
ars_pluvia_victoria_9b11c938.jpg,laurel
ignobilis_pluvia_fulgor_cad19a35.jpg,laurel
virtus_victoria_constantia_faa7d9ba.jpg,laurel
altus_sol_fortis_04e2ccf6.jpg,laurel
amor_altus_serenus_fa172f07.jpg,laurel
voluptas_color_corpus_95505f40.jpg,laurel
verbum_voluptas_nobilitas_50294164.jpg,laurel
caligo_ordo_flos_562f9f98.jpg,laurel
sonus_ignis_aer_f17ce11c.jpg,laurel
caligo_aer_audacia_8ac000c8.jpg,laurel
regnum_decorus_aura_5498374a.jpg,laurel
probitas_mens_terra_9eda7dcb.jpg,laurel
libertas_caligo_spiritus_1773a2cf.jpg,laurel
aer_terra_aqua_582598dd.jpg,laurel
figura_labor_color_6f4ac2f6.jpg,laurel
prudentia_amicitia_lux_c78e6cba.jpg,laurel
flos_probitas_stella_007c2b5a.jpg,laurel
flos_mors_fulgor_35773966.jpg,laurel
victoria_lux_formosus_9d3f85e1.jpg,laurel
ars_imperium_meritum_a40d238b.jpg,laurel
cor_clarus_altus_f40e1a27.jpg,laurel
figura_veritas_dexteritas_53e49639.jpg,laurel
gemma_virtus_vigor_3c25c1cb.jpg,laurel
caelum_gemma_veritas_b5e75d50.jpg,laurel
pulcher_aqua_triumphus_b4569962.jpg,laurel
ars_regnum_mens_7345c624.jpg,laurel
dexteritas_oratio_benignus_61f998bd.jpg,laurel
constantia_oratio_serenus_3c24daae.jpg,laurel
salus_honestas_triumphus_9d4f52a9.jpg,laurel
prudentia_verbum_luna_0c43eafc.jpg,laurel
gravis_victoria_luna_f6d3e617.jpg,laurel
salus_benignus_sensus_f54c0653.jpg,laurel
amicitia_aura_color_6d0a8b26.jpg,laurel
stella_levis_constantia_8e66776e.jpg,laurel
anima_verbum_lex_18cf0898.jpg,laurel
bellum_chorus_natura_67d742a4.jpg,laurel
claritas_altus_salus_9129ebfb.jpg,laurel
gemma_corpus_ignis_cfe0cf18.jpg,laurel
dignitas_sonus_spes_2ad658a7.jpg,laurel
mens_clarus_fortis_e42148fd.jpg,laurel
victoria_fortitudo_honestas_73af4427.jpg,laurel
fama_anima_concordia_66967180.jpg,laurel
amor_ratio_serenus_93a44670.jpg,laurel
gemma_veritas_fortuna_3d3d398e.jpg,laurel
fortitudo_gravis_nix_65123c32.jpg,laurel
fulgor_sensus_imperium_c68f1adf.jpg,laurel
arbor_cor_mors_23f5eadc.jpg,laurel
sol_voluptas_herba_e2597b2e.jpg,laurel
ratio_dexteritas_mors_62e2f709.jpg,laurel
anima_sensus_fulgor_22799bba.jpg,laurel
levis_cor_ventus_8a17876c.jpg,laurel
fides_corpus_voluptas_e8dbb922.jpg,laurel
color_serenus_fortuna_31451010.jpg,laurel
aqua_statera_spiritus_ee520e47.jpg,laurel
luna_fides_fama_b01b58f6.jpg,laurel
natura_color_furor_daa68cac.jpg,laurel
spiritus_cor_fulgor_8f4f8494.jpg,laurel
benignus_natura_stella_90fdb4e1.jpg,laurel
libertas_vita_chorus_02b9b24e.jpg,laurel
concordia_luna_probitas_4c312e63.jpg,laurel
nobilitas_sapientia_ordo_9efec2f1.jpg,laurel
dignitas_scientia_stella_4eeb6df4.jpg,laurel
voluptas_mors_formosus_27a08eb4.jpg,laurel
scientia_color_pulcher_3659c4e0.jpg,laurel
triumphus_serenus_fides_a26b937e.jpg,laurel
celeritas_vita_libertas_e5c9f5b4.jpg,forum
triumphus_sonus_ordo_7ad4e517.jpg,forum
sensus_dexteritas_verbum_a866b4e6.jpg,forum
scientia_iustitia_benignus_3055bbf2.jpg,forum
fides_mens_imago_c35e870a.jpg,forum
fortitudo_probitas_imago_e15eef2f.jpg,forum
gemma_sensus_ratio_fa9423bc.jpg,forum
labor_prudentia_bellum_3991f8c4.jpg,forum
dexteritas_virtus_caligo_c81536f8.jpg,forum
concordia_gemma_ordo_3cfba049.jpg,forum
furor_claritas_chorus_79fdecc5.jpg,forum
color_chorus_oratio_2386104f.jpg,forum
voluptas_umbra_serenus_31fb1559.jpg,forum
veritas_sol_caelum_241bd26c.jpg,forum
color_decorus_caelum_373ba96f.jpg,forum
sensus_imber_caelum_ff349460.jpg,forum
natura_levis_bellum_34080351.jpg,forum
ignis_clarus_lux_fe52cbf9.jpg,forum
imber_gemma_vita_8ec1124d.jpg,forum
luna_fides_ratio_9b580c19.jpg,forum
vigor_natura_scientia_8bb38b77.jpg,forum
aqua_voluntas_concordia_c39654fb.jpg,forum
aer_gemma_voluntas_32dd9093.jpg,forum
vita_color_voluptas_bd938f99.jpg,forum
sonus_arbor_terra_0e13524f.jpg,forum
lux_imber_stella_4eba3f3f.jpg,forum
fortuna_sapor_ordo_9793e9e1.jpg,forum
statera_fama_terra_631e05eb.jpg,forum
lux_fulgor_furor_4348ac11.jpg,forum
meritum_cor_flos_6e1d99c5.jpg,forum
cantus_aqua_clarus_4026ee10.jpg,forum
fortuna_nobilitas_iustitia_a41d2990.jpg,forum
mens_concordia_flamma_4570d410.jpg,forum
aqua_bellum_triumphus_9b4b4f45.jpg,forum
fides_fulgor_clarus_d28325dc.jpg,forum
bellum_concordia_oratio_51da1a17.jpg,forum
sapor_sol_natura_f7505e81.jpg,forum
tempus_levis_herba_68ad12d7.jpg,forum
victoria_herba_spiritus_b3b1907c.jpg,forum
ignobilis_vigor_lux_fcadedbd.jpg,forum
arbor_honor_iustitia_cbe91485.jpg,forum
serenus_constantia_statera_21ad1c1b.jpg,forum
pulcher_cantus_scientia_e7322278.jpg,forum
labor_caelum_levis_c53db471.jpg,forum
lux_spiritus_oratio_fe5678a9.jpg,forum
clarus_lex_herba_33c3f536.jpg,forum
fulgor_decorus_cantus_07409650.jpg,forum
fides_anima_aer_288e10db.jpg,forum
ignobilis_lux_ordo_fe963912.jpg,forum
ignis_arbor_audacia_fb04f676.jpg,forum
spiritus_gloria_nubes_ba249bdb.jpg,forum
spes_clarus_imber_2eeacaa9.jpg,forum
nix_mens_concordia_7ef19fd3.jpg,forum
nubes_mens_cor_ec7f2173.jpg,forum
vigor_aura_mens_7bea55f3.jpg,forum
verus_natura_ratio_61fdad47.jpg,forum
ventus_statera_sonus_16639725.jpg,forum
cor_dexteritas_furor_ff9a5ae0.jpg,forum
pluvia_figura_serenus_e6cfaf36.jpg,forum
terra_ventus_ratio_fa975e0e.jpg,forum
aer_arbor_gravis_c840a1c9.jpg,forum
dexteritas_levis_fama_33712b0a.jpg,forum
mors_concordia_victoria_69216e13.jpg,forum
figura_gloria_veritas_74da6a70.jpg,forum
gemma_vigor_aura_c408a67a.jpg,forum
statera_vita_herba_6ecd2ab2.jpg,forum
aqua_fortitudo_chorus_5798f4d1.jpg,forum
stella_fama_veritas_3e43feca.jpg,forum
honor_gloria_stella_856012af.jpg,forum
fama_aura_meritum_bf025b96.jpg,forum
cantus_constantia_lex_54080a1b.jpg,forum
lux_luna_formosus_175ed368.jpg,forum
sapor_claritas_prudentia_b47d523a.jpg,forum
cor_aura_pax_1bf07f60.jpg,forum
imperium_salus_audacia_0a61b5d1.jpg,forum
sol_sapientia_salus_140a17cd.jpg,forum
meritum_triumphus_ratio_8871b1eb.jpg,forum
victoria_flos_meritum_5356304a.jpg,forum
benignus_virtus_pluvia_62f28531.jpg,forum
fortis_concordia_gloria_6b294521.jpg,forum
spiritus_caelum_fortis_9e5241c2.jpg,forum
iustitia_caelum_bellum_279c6812.jpg,forum
dignitas_nobilitas_meritum_e8660e06.jpg,forum
chorus_triumphus_luna_8faa62fa.jpg,forum
fides_verus_nix_6f6035e5.jpg,forum
mens_nobilitas_clarus_88fdc00d.jpg,forum
constantia_caligo_cor_02c9fb6b.jpg,trajan
claritas_tempus_decorus_d8e4ab52.jpg,trajan
oratio_constantia_ordo_7ae32d24.jpg,trajan
chorus_pulcher_memoria_08af9bab.jpg,trajan
cor_mors_caelum_201222ef.jpg,trajan
anima_labor_meritum_4fb64946.jpg,trajan
pulcher_anima_gemma_1a0f7cab.jpg,trajan
amor_ratio_libertas_9ed7d2eb.jpg,trajan
lex_caligo_tempestas_29275ca3.jpg,trajan
celeritas_formosus_virtus_c63ab923.jpg,trajan
veritas_iustitia_corpus_25458cfe.jpg,trajan
memoria_virtus_benignus_86e4581c.jpg,trajan
gloria_ordo_fortuna_0d4a2bd9.jpg,trajan
color_sapor_corpus_bebc0290.jpg,trajan
audacia_sonus_decorus_27fc9548.jpg,trajan
sapor_dexteritas_ars_1d9b7826.jpg,trajan
victoria_natura_vita_49fa0585.jpg,trajan
concordia_tempestas_pluvia_f93eb120.jpg,trajan
stella_voluptas_tempestas_df71fb2e.jpg,trajan
gravis_decorus_gloria_c5c2d7c5.jpg,trajan
vita_cor_regnum_e1aced8d.jpg,trajan
vita_mens_triumphus_8c7641e8.jpg,trajan
honestas_fulgor_ratio_b0a839eb.jpg,trajan
prudentia_arbor_sonus_db0ed2a7.jpg,trajan
flamma_ordo_furor_3b8b01f7.jpg,trajan
tempestas_aura_umbra_a5d72fce.jpg,trajan
furor_triumphus_amicitia_c7d61e61.jpg,trajan
virtus_regnum_fides_9dc61591.jpg,trajan
pluvia_sol_decorus_a92e70d8.jpg,trajan
flamma_flos_mens_1b55c20a.jpg,trajan
chorus_lux_honestas_92b8fae6.jpg,trajan
luna_clarus_flamma_b286f167.jpg,trajan
spiritus_bellum_terra_4835d4b0.jpg,trajan
anima_caligo_terra_7be56ab4.jpg,trajan
libertas_gemma_imago_d18a52ca.jpg,trajan
concordia_chorus_probitas_f0869d9b.jpg,trajan
statera_nix_aqua_0aa73103.jpg,trajan
formosus_gravis_arbor_fb4d0960.jpg,trajan
audacia_nubes_pax_7e43169e.jpg,trajan
prudentia_bellum_clarus_682c5da7.jpg,trajan
sol_gloria_clarus_028b62b5.jpg,trajan
bellum_triumphus_mors_860ce563.jpg,trajan
claritas_meritum_fides_1f59ab48.jpg,trajan
pluvia_mors_sensus_5496d66a.jpg,trajan
vita_ignobilis_clarus_8e064968.jpg,trajan
corpus_fides_sonus_aab2cd64.jpg,trajan
ignis_claritas_decorus_158ca71d.jpg,trajan
celeritas_herba_pax_77b57e3b.jpg,trajan
ignis_amor_ars_f39711ca.jpg,trajan
triumphus_nix_sonus_36498670.jpg,trajan
audacia_bellum_chorus_abd17203.jpg,trajan
decorus_sonus_claritas_ae555fcb.jpg,trajan
nobilitas_meritum_arbor_e7756634.jpg,trajan
decorus_nix_veritas_f16f41e3.jpg,trajan
sensus_gravis_oratio_2fd05a28.jpg,trajan
fortitudo_virtus_ratio_f224a6a9.jpg,trajan
anima_mens_verbum_c273e992.jpg,trajan
mors_statera_serenus_486bc9d7.jpg,trajan
honestas_caligo_salus_72f34247.jpg,trajan
sonus_libertas_arbor_c10fde2b.jpg,trajan
levis_bellum_ventus_998d78df.jpg,trajan
luna_triumphus_fortis_d269ad1e.jpg,trajan
regnum_amicitia_terra_9a936522.jpg,trajan
spes_color_flos_4843322c.jpg,trajan
aura_audacia_mors_719c9e45.jpg,trajan
pax_prudentia_memoria_78ecd0d2.jpg,trajan
sapor_amicitia_constantia_da13f322.jpg,trajan
labor_vita_tempus_65d5a4e8.jpg,trajan
spiritus_amor_ars_39a1bf55.jpg,trajan
scientia_aqua_gravis_db0de600.jpg,trajan
pluvia_decorus_sapor_3c6f5f50.jpg,trajan
oratio_clarus_levis_a667635c.jpg,trajan
furor_regnum_statera_a7837ca7.jpg,trajan
voluntas_sapor_honor_d986ade7.jpg,trajan
nobilitas_serenus_arbor_57e82c69.jpg,trajan
sonus_caligo_statera_cf51beb1.jpg,trajan
sonus_nobilitas_nubes_e3ad8e28.jpg,trajan
meritum_fortis_caelum_fdc2c749.jpg,trajan
voluptas_color_sonus_8dcfff82.jpg,trajan
sapientia_verus_fulgor_16b34ec7.jpg,trajan
ignis_umbra_figura_dfd28072.jpg,trajan
serenus_decorus_ignis_6da2b945.jpg,trajan
umbra_victoria_decorus_525fa6d4.jpg,trajan
imperium_nubes_ars_0d3d6869.jpg,trajan
sensus_anima_ignobilis_dc802f65.jpg,trajan
ignis_flos_herba_9183331c.jpg,trajan
sonus_prudentia_nobilitas_5179bac1.jpg,trajan
color_audacia_decorus_1c6416f9.jpg,trajan
fulgor_fama_levis_255f1bcb.jpg,trajan
statera_labor_lex_3bb0d3e1.jpg,trajan
figura_benignus_fides_e59c9f91.jpg,trajan
altus_sapor_iustitia_f7b38185.jpg,trajan
gemma_aura_altus_2508ceb5.jpg,trajan
tempus_gravis_iustitia_a2496b27.jpg,trajan
claritas_figura_honor_19d1c390.jpg,trajan
concordia_aura_oratio_1a025694.jpg,trajan
virtus_clarus_veritas_e252a600.jpg,trajan
salus_memoria_flos_0d2ab6ad.jpg,trajan
sapor_libertas_honor_d84fdbcd.jpg,trajan
lux_iustitia_flamma_d6dfba1b.jpg,trajan
pluvia_caelum_fides_e331cc3b.jpg,senatus
serenus_claritas_aura_509819d7.jpg,senatus
labor_statera_caelum_6eec87b8.jpg,senatus
ventus_imperium_spes_83fa14b9.jpg,senatus
honestas_verus_sapientia_dc99d17b.jpg,senatus
fulgor_stella_umbra_18c64316.jpg,senatus
serenus_dignitas_umbra_45b4be56.jpg,senatus
clarus_virtus_libertas_ebf4121d.jpg,senatus
decorus_benignus_statera_757623b5.jpg,senatus
tempestas_herba_tempus_aa94ea00.jpg,senatus
vita_pulcher_herba_88d291bb.jpg,senatus
ventus_tempus_sensus_8fc1ee15.jpg,senatus
arbor_levis_libertas_aba8b538.jpg,senatus
lux_benignus_constantia_e0acb416.jpg,senatus
pax_victoria_claritas_9a8f2786.jpg,senatus
ratio_decorus_audacia_0c410bc9.jpg,senatus
color_honor_veritas_5c8af7dc.jpg,senatus
gemma_ordo_labor_84b496dd.jpg,senatus
honestas_cor_pax_a1173cf9.jpg,senatus
cor_umbra_anima_54b0a7b5.jpg,senatus
vigor_lux_vita_41433b26.jpg,senatus
ignobilis_amor_figura_be076532.jpg,senatus
labor_caelum_sol_04c2892e.jpg,senatus
ignis_veritas_claritas_07fd6db5.jpg,senatus
triumphus_fortitudo_sol_a30864f7.jpg,senatus
cor_pluvia_ignobilis_49b50f09.jpg,senatus
probitas_honor_sol_af4fd2f1.jpg,senatus
fortitudo_fides_sol_2da680ee.jpg,senatus
ratio_color_triumphus_82a2e814.jpg,senatus
salus_audacia_sol_dc8f3dd0.jpg,senatus
celeritas_aura_regnum_dc908d07.jpg,senatus
bellum_imago_triumphus_9bcd5f27.jpg,senatus
mens_bellum_figura_f63755ae.jpg,senatus
spiritus_altus_tempestas_6d2a3c65.jpg,senatus
voluntas_altus_mens_5633dc78.jpg,senatus
altus_arbor_lux_7b22abc2.jpg,senatus
regnum_natura_audacia_50b89049.jpg,senatus
ignis_cor_verus_d47c8dc7.jpg,senatus
ignobilis_honestas_figura_1ce09d25.jpg,senatus
fulgor_cor_ignis_69d625c2.jpg,senatus
imber_bellum_tempus_b2da0f56.jpg,senatus
labor_verbum_dexteritas_bfc1be5e.jpg,senatus
sapientia_lex_scientia_a4a4437a.jpg,senatus
stella_ventus_claritas_cf8372c0.jpg,senatus
tempestas_aura_victoria_3782b875.jpg,senatus
ignis_fama_vita_f4c3b7b9.jpg,senatus
voluptas_clarus_caelum_b744f06f.jpg,senatus
luna_prudentia_sapientia_a85375e3.jpg,senatus
probitas_levis_vita_0752d655.jpg,senatus
stella_fama_verus_a89ba1b2.jpg,senatus
fortis_pluvia_audacia_afc88996.jpg,senatus
ordo_fortis_claritas_ea00b7fd.jpg,senatus
honestas_flos_tempus_224d8294.jpg,senatus
umbra_gravis_imber_c9a16a0d.jpg,senatus
iustitia_luna_decorus_4f724f4c.jpg,senatus
spes_verbum_voluptas_28be8983.jpg,senatus
flos_nobilitas_clarus_43b4aa45.jpg,senatus
voluptas_lux_triumphus_e3a2a4a2.jpg,senatus
ordo_regnum_bellum_f999122f.jpg,senatus
flamma_memoria_salus_f65c98d1.jpg,senatus
flos_decorus_imber_6a5a5849.jpg,senatus
arbor_benignus_labor_dfe97f42.jpg,senatus
fortis_fortuna_aqua_b2dc4e70.jpg,senatus
mens_color_salus_71f01a8f.jpg,senatus
ars_ratio_statera_68e72376.jpg,senatus
furor_honestas_dexteritas_932fd599.jpg,senatus
imber_nix_aer_3e85df36.jpg,senatus
caligo_pulcher_lex_82b9c775.jpg,senatus
veritas_spes_pluvia_cc0a7e07.jpg,senatus
prudentia_verbum_aer_a1c9a84c.jpg,senatus
spes_ignis_imperium_30106ba7.jpg,senatus
aqua_fortuna_voluntas_f6a3848e.jpg,senatus
sol_amor_dexteritas_1e5086db.jpg,senatus
amicitia_pulcher_sensus_b57ce474.jpg,senatus
benignus_color_sol_f658f6e8.jpg,senatus
natura_furor_vita_aadbadca.jpg,senatus
decorus_veritas_honestas_4373eae9.jpg,senatus
honor_virtus_sapor_721d1cab.jpg,senatus
fortis_sapientia_celeritas_52e8cc37.jpg,senatus
salus_aqua_fama_74fe645e.jpg,senatus
pax_vita_celeritas_99622685.jpg,senatus
claritas_altus_dignitas_f381cb54.jpg,senatus
audacia_victoria_pluvia_0c126212.jpg,senatus
victoria_tempestas_gravis_11354da9.jpg,senatus
anima_flos_ars_a6bc7f02.jpg,senatus
probitas_sol_ordo_083f18f2.jpg,senatus
gravis_lux_probitas_313e2675.jpg,senatus
aer_bellum_clarus_553916a2.jpg,senatus
nubes_audacia_ventus_527bd012.jpg,senatus
arbor_imago_caelum_7f44fc18.jpg,senatus
sapientia_mens_statera_0482d0a8.jpg,senatus
nubes_pulcher_ratio_af5053a4.jpg,senatus
voluntas_ignis_decorus_1396bd9f.jpg,senatus
fortuna_sapientia_regnum_c7469b4b.jpg,senatus
nobilitas_sapor_verbum_7571679e.jpg,senatus
victoria_chorus_serenus_e66066a4.jpg,senatus
lex_gemma_cantus_aa7b4eaa.jpg,senatus
cantus_nix_decorus_cdd79f83.jpg,senatus
ars_sensus_tempus_819555cd.jpg,senatus
amicitia_virtus_sapientia_ba33a54e.jpg,senatus
serenus_veritas_color_90576666.jpg,senatus
veritas_honor_natura_5adb857c.jpg,senatus
imber_vigor_mors_8e9242b8.jpg,senatus
fides_sapor_caligo_1e8a875b.jpg,senatus
pax_celeritas_sensus_4ff3c09b.jpg,senatus
pax_libertas_fortuna_1ef58fd8.jpg,senatus
oratio_vita_meritum_a10429c5.jpg,senatus
constantia_imber_audacia_af312244.jpg,senatus
aqua_levis_voluntas_4877be59.jpg,senatus
ventus_terra_fortuna_9228cab8.jpg,senatus
honestas_voluptas_stella_a3991b73.jpg,senatus
sapientia_celeritas_ignis_bf2a1a4a.jpg,senatus
pax_triumphus_nobilitas_e7988d42.jpg,senatus
natura_furor_aer_64c4229b.jpg,senatus
oratio_audacia_sonus_02aa92d3.jpg,senatus
honor_caelum_caligo_71d8929d.jpg,senatus
constantia_fama_luna_4bde4a5a.jpg,senatus
anima_claritas_memoria_b0b500b7.jpg,senatus
